loss,accuracy,val_loss,val_accuracy
0.8657674193382263,0.8180000185966492,0.339478999376297,0.9139166474342346
0.29160386323928833,0.9200000166893005,0.23610103130340576,0.9336666464805603
0.2198454588651657,0.937583327293396,0.19705533981323242,0.9434999823570251
