loss,accuracy,val_loss,val_accuracy
0.5081967115402222,0.8509583473205566,0.27903228998184204,0.9198333621025085
0.26328620314598083,0.9231458306312561,0.2277904450893402,0.9330000281333923
0.22428080439567566,0.9346458315849304,0.2155558466911316,0.9360833168029785
