{"loss": [0.5081967115402222, 0.26328620314598083, 0.22428080439567566], "accuracy": [0.8509583473205566, 0.9231458306312561, 0.9346458315849304], "val_loss": [0.27903228998184204, 0.2277904450893402, 0.2155558466911316], "val_accuracy": [0.9198333621025085, 0.9330000281333923, 0.9360833168029785]}