{"loss": [0.36726781725883484, 0.1970745027065277, 0.1606469452381134], "accuracy": [0.8999791741371155, 0.9432291388511658, 0.9536041617393494], "val_loss": [0.21860365569591522, 0.1828337460756302, 0.16198033094406128], "val_accuracy": [0.940416693687439, 0.9486666917800903, 0.9556666612625122]}