loss,accuracy,val_loss,val_accuracy
0.3845808207988739,0.8895000219345093,0.2108602076768875,0.9392499923706055
0.1947430968284607,0.9434583187103271,0.17320288717746735,0.9476666450500488
0.14846967160701752,0.9567291736602783,0.15460185706615448,0.9538333415985107
