loss,accuracy,val_loss,val_accuracy
0.5041236877441406,0.8572916388511658,0.27806419134140015,0.9202499985694885
0.2728422284126282,0.921750009059906,0.24654801189899445,0.9289166927337646
0.24086137115955353,0.9312291741371155,0.23660992085933685,0.9307500123977661
