{"loss": [8.239526748657227, 0.2149161696434021, 0.15691086649894714, 0.1503361612558365, 0.14942042529582977], "accuracy": [0.2009214460849762, 0.2926514744758606, 0.29818013310432434, 0.2999309003353119, 0.3003225028514862], "val_loss": [0.33628538250923157, 0.16925281286239624, 0.15315879881381989, 0.1514931619167328, 0.14978913962841034], "val_accuracy": [0.28566163778305054, 0.28787320852279663, 0.2961665987968445, 0.295982301235199, 0.29579800367355347]}