{"loss": [0.6426832675933838, 0.2859376072883606, 0.23139236867427826], "accuracy": [0.8633541464805603, 0.9217291474342346, 0.9337083101272583], "val_loss": [0.31393858790397644, 0.24328617751598358, 0.21536055207252502], "val_accuracy": [0.918749988079071, 0.9318333268165588, 0.9384166598320007]}