loss,accuracy,val_loss,val_accuracy
1.2694180011749268,0.7058333158493042,0.606279730796814,0.8824999928474426
0.46178728342056274,0.8921666741371155,0.3483773171901703,0.909416675567627
0.3267132639884949,0.9116041660308838,0.28292208909988403,0.9203333258628845
