{"loss": [0.8717204332351685, 0.36564013361930847, 0.29192882776260376], "accuracy": [0.8190833330154419, 0.9096041917800903, 0.921833336353302], "val_loss": [0.4223177433013916, 0.30534008145332336, 0.2660538852214813], "val_accuracy": [0.9070000052452087, 0.9224166870117188, 0.9259166717529297]}