loss,accuracy,val_loss,val_accuracy
0.8717204332351685,0.8190833330154419,0.4223177433013916,0.9070000052452087
0.36564013361930847,0.9096041917800903,0.30534008145332336,0.9224166870117188
0.29192882776260376,0.921833336353302,0.2660538852214813,0.9259166717529297
